<annotation>
	<folder>VOC2007</folder>
	<filename>000022.jpg</filename>
	<source>
		<database>The VOC2007 Database</database>
		<annotation>PASCAL VOC20007</annotation>
		<image>non flickr</image>
	</source>
	<owner>
		<name>Anonymous</name>
	</owner>
	<size>
		<width>1280</width>
		<height>738</height>
		<depth>3</depth>
	</size>
	<segmented>0</segmented>
	<object>
		<name>aeroplane</name>
		<pose>Unspecified</pose>
		<truncated>0</truncated>
		<difficult>0</difficult>
		<bndbox>
			<xmin>693</xmin>
			<ymin>302</ymin>
			<xmax>832</xmax>
			<ymax>345</ymax>
		</bndbox>
	</object>
</annotation>
